id,customer_id,month,name,age,ssn,occupation,annual_income,monthly_inhand_salary,total_emi_per_month,num_bank_accounts,num_credit_card,interest_rate,num_of_loan,type_of_loan,delay_from_due_date,num_of_delayed_payment,changed_credit_limit,num_credit_inquiries,credit_mix,outstanding_debt,credit_utilization_ratio,credit_history_age,payment_of_min_amount,amount_invested_monthly,payment_behaviour,monthly_balance,credit_score
,,,Angela Davis,,,,,,,,,,,,,,,,,,,,,,,,
,,,Jessica Li,,,,,,,,,,,,,,,,,,,,,,,,
,,,William Cox,,,,,,,,,,,,,,,,,,,,,,,,
,,,Sean Montoya,,,,,,,,,,,,,,,,,,,,,,,,
,,,John Kelly,,,,,,,,,,,,,,,,,,,,,,,,
,,,Patty Sanchez,,,,,,,,,,,,,,,,,,,,,,,,
,,,Jason Smith,,,,,,,,,,,,,,,,,,,,,,,,
,,,Erin Miranda,,,,,,,,,,,,,,,,,,,,,,,,
,,,Scott Cooley,,,,,,,,,,,,,,,,,,,,,,,,
,,,Timothy Ward,,,,,,,,,,,,,,,,,,,,,,,,
,,,Alex Scott,,,,,,,,,,,,,,,,,,,,,,,,
,,,Cheryl Evans,,,,,,,,,,,,,,,,,,,,,,,,
,,,Nichole White,,,,,,,,,,,,,,,,,,,,,,,,
,,,Gabriela Larsen,,,,,,,,,,,,,,,,,,,,,,,,
,,,Eric Hamilton,,,,,,,,,,,,,,,,,,,,,,,,
,,,Walter Combs,,,,,,,,,,,,,,,,,,,,,,,,
,,,Richard Martin,,,,,,,,,,,,,,,,,,,,,,,,
,,,Sarah White,,,,,,,,,,,,,,,,,,,,,,,,
,,,Lisa Franklin,,,,,,,,,,,,,,,,,,,,,,,,
,,,Preston Rios,,,,,,,,,,,,,,,,,,,,,,,,
,,,James Anderson,,,,,,,,,,,,,,,,,,,,,,,,
,,,Jordan Ball,,,,,,,,,,,,,,,,,,,,,,,,
,,,Janet Petersen,,,,,,,,,,,,,,,,,,,,,,,,
,,,Tommy Nash,,,,,,,,,,,,,,,,,,,,,,,,
,,,Brian Olsen,,,,,,,,,,,,,,,,,,,,,,,,
,,,Tammy King,,,,,,,,,,,,,,,,,,,,,,,,
,,,Tiffany Benson,,,,,,,,,,,,,,,,,,,,,,,,
,,,Zachary English,,,,,,,,,,,,,,,,,,,,,,,,
,,,Michael Chang,,,,,,,,,,,,,,,,,,,,,,,,
,,,Susan King,,,,,,,,,,,,,,,,,,,,,,,,
,,,Amanda Baldwin,,,,,,,,,,,,,,,,,,,,,,,,
,,,Philip Hudson,,,,,,,,,,,,,,,,,,,,,,,,
,,,Kelly Hartman,,,,,,,,,,,,,,,,,,,,,,,,
,,,Krystal Deleon,,,,,,,,,,,,,,,,,,,,,,,,
,,,Brenda Costa,,,,,,,,,,,,,,,,,,,,,,,,
,,,Marie Sutton,,,,,,,,,,,,,,,,,,,,,,,,
,,,Christopher Myers,,,,,,,,,,,,,,,,,,,,,,,,
,,,Kathleen Smith,,,,,,,,,,,,,,,,,,,,,,,,
,,,Tristan Middleton,,,,,,,,,,,,,,,,,,,,,,,,
,,,Wesley Estes,,,,,,,,,,,,,,,,,,,,,,,,
,,,Jose Carpenter,,,,,,,,,,,,,,,,,,,,,,,,
,,,Joanna Diaz,,,,,,,,,,,,,,,,,,,,,,,,
,,,Tanya Martinez,,,,,,,,,,,,,,,,,,,,,,,,
,,,Samantha Thomas,,,,,,,,,,,,,,,,,,,,,,,,
,,,David Macdonald,,,,,,,,,,,,,,,,,,,,,,,,
,,,Kelly Yoder,,,,,,,,,,,,,,,,,,,,,,,,
,,,Philip Burke,,,,,,,,,,,,,,,,,,,,,,,,
,,,Ebony Sanchez,,,,,,,,,,,,,,,,,,,,,,,,
,,,Glenda Thompson,,,,,,,,,,,,,,,,,,,,,,,,
,,,James Davis,,,,,,,,,,,,,,,,,,,,,,,,
,,,Kathryn Fisher,,,,,,,,,,,,,,,,,,,,,,,,
,,,Manuel Smith,,,,,,,,,,,,,,,,,,,,,,,,
,,,David Lam,,,,,,,,,,,,,,,,,,,,,,,,
,,,Stephen Becker,,,,,,,,,,,,,,,,,,,,,,,,
,,,Luis Nelson,,,,,,,,,,,,,,,,,,,,,,,,
,,,Taylor Martin,,,,,,,,,,,,,,,,,,,,,,,,
,,,Jeffrey Mccoy,,,,,,,,,,,,,,,,,,,,,,,,
,,,Cory Rice,,,,,,,,,,,,,,,,,,,,,,,,
,,,Sarah Gutierrez,,,,,,,,,,,,,,,,,,,,,,,,
,,,Kristina Carter,,,,,,,,,,,,,,,,,,,,,,,,
,,,Tamara Sanders,,,,,,,,,,,,,,,,,,,,,,,,
,,,Stephanie Suarez,,,,,,,,,,,,,,,,,,,,,,,,
,,,Lisa Mcdaniel,,,,,,,,,,,,,,,,,,,,,,,,
,,,Jessica Brandt,,,,,,,,,,,,,,,,,,,,,,,,
,,,David Case DVM,,,,,,,,,,,,,,,,,,,,,,,,
,,,Leslie Mcdonald,,,,,,,,,,,,,,,,,,,,,,,,
,,,Erica White,,,,,,,,,,,,,,,,,,,,,,,,
,,,Justin Patel,,,,,,,,,,,,,,,,,,,,,,,,
,,,Tami Marshall,,,,,,,,,,,,,,,,,,,,,,,,
,,,Gary Rogers,,,,,,,,,,,,,,,,,,,,,,,,
,,,Mrs. Catherine Graham,,,,,,,,,,,,,,,,,,,,,,,,
,,,Nancy Archer,,,,,,,,,,,,,,,,,,,,,,,,
,,,Nicholas White,,,,,,,,,,,,,,,,,,,,,,,,
,,,Anthony Zuniga,,,,,,,,,,,,,,,,,,,,,,,,
,,,Renee Orozco,,,,,,,,,,,,,,,,,,,,,,,,
,,,Sharon Mcintyre,,,,,,,,,,,,,,,,,,,,,,,,
,,,Wendy Cole,,,,,,,,,,,,,,,,,,,,,,,,
,,,Benjamin Payne,,,,,,,,,,,,,,,,,,,,,,,,
,,,Shelly Long,,,,,,,,,,,,,,,,,,,,,,,,
,,,Taylor Douglas,,,,,,,,,,,,,,,,,,,,,,,,
,,,Joy Rodriguez,,,,,,,,,,,,,,,,,,,,,,,,
,,,Michael Hill,,,,,,,,,,,,,,,,,,,,,,,,
,,,Nathan Simmons,,,,,,,,,,,,,,,,,,,,,,,,
,,,Crystal Butler,,,,,,,,,,,,,,,,,,,,,,,,
,,,Elizabeth Cruz,,,,,,,,,,,,,,,,,,,,,,,,
,,,Norma Watts,,,,,,,,,,,,,,,,,,,,,,,,
,,,Lindsey Hunt,,,,,,,,,,,,,,,,,,,,,,,,
,,,Kevin Wise,,,,,,,,,,,,,,,,,,,,,,,,
,,,Madison Cannon,,,,,,,,,,,,,,,,,,,,,,,,
,,,Laura Snyder,,,,,,,,,,,,,,,,,,,,,,,,
,,,Emily Mills,,,,,,,,,,,,,,,,,,,,,,,,
,,,Christie Bush,,,,,,,,,,,,,,,,,,,,,,,,
,,,Jennifer Mitchell,,,,,,,,,,,,,,,,,,,,,,,,
,,,Kelly Brown DDS,,,,,,,,,,,,,,,,,,,,,,,,
,,,Barbara Gutierrez,,,,,,,,,,,,,,,,,,,,,,,,
,,,Michelle Sanchez,,,,,,,,,,,,,,,,,,,,,,,,
,,,Kevin Hardy,,,,,,,,,,,,,,,,,,,,,,,,
,,,Carlos George,,,,,,,,,,,,,,,,,,,,,,,,
,,,Kevin Quinn,,,,,,,,,,,,,,,,,,,,,,,,
,,,Michael Green,,,,,,,,,,,,,,,,,,,,,,,,
